{
  "input": [
    0.0,
    0.0,
    0.0,
    0.0,
    0.0,
    0.0,
    0.0,
    0.0,
    0.0,
    0.0,
    0.0,
    0.0,
    0.0,
    0.0,
    0.0,
    0.0,
    1.0
  ],
  "hidden": [
    0.0,
    0.0,
    0.0,
    0.0,
    0.0,
    0.0,
    0.0,
    0.0,
    1.0
  ],
  "output": [
    0.0
  ],
  "winput": [
    [
      0.16178564279187826,
      -0.11691153520939397,
      -0.025907260725969238,
      -0.13537897323984674,
      0.2145681355199319,
      -0.056662735432535416,
      0.013496541841140727,
      -0.000983924766673089
    ],
    [
      -0.10790930575496724,
      -0.039805152973726735,
      0.0028435107904520077,
      0.11652364217001475,
      0.3185529189716714,
      -0.06154313244241976,
      0.04487500665458243,
      -0.10542191969319512
    ],
    [
      0.09867506474837598,
      0.1913838973381499,
      -0.009228040583056147,
      -0.09637736116519025,
      -0.020403087950912557,
      -0.20147373760419982,
      0.19394331670542997,
      -0.10506295040324515
    ],
    [
      -0.1522122254494383,
      -0.004816366630841225,
      0.14851346273135652,
      -0.2086174593752949,
      0.06167472219621966,
      -0.18023851881174427,
      0.22557150812816124,
      0.2452308725810054
    ],
    [
      -0.028622782884816754,
      -0.10916494751352346,
      -0.27461918517773465,
      -0.04826949645970047,
      -0.006801914728684507,
      -0.1375354621699865,
      0.04136413012537115,
      -0.046330052045335586
    ],
    [
      0.023038861941018694,
      0.13963102630238794,
      -0.20871167378780475,
      0.044555727646948644,
      -0.0009219201356626029,
      0.04988911564036229,
      0.2605024911525482,
      0.1561261912141413
    ],
    [
      -0.05367788018075074,
      0.1840144294397092,
      -0.08646539031497759,
      0.19259543918784147,
      -0.14171350377183836,
      -0.06978125061797825,
      0.2322553439951517,
      -0.10331680162022695
    ],
    [
      0.1721993570828013,
      -0.012363596480268458,
      -0.0708114055497063,
      0.12355194815084238,
      0.11866685800883266,
      0.1561424891315318,
      0.22562215359730436,
      -0.08912210146891604
    ],
    [
      0.24382490111831295,
      -0.23540867487019676,
      0.16103608196707903,
      0.061807389191913614,
      0.276814496778509,
      0.10052647071061878,
      0.20309634915670355,
      0.14275928048381972
    ],
    [
      0.05237843374628331,
      -0.006832868519549343,
      -0.06941577118564399,
      -0.19990006401987767,
      0.1009258002509911,
      0.1145098640723504,
      0.13482230226792077,
      0.13737393948835555
    ],
    [
      -0.03660802910561857,
      -0.08039475015810385,
      -0.020046991818405083,
      -0.20797084698788884,
      -0.03600018453688059,
      0.20048565753465233,
      -0.20280860953027036,
      0.01162441991258291
    ],
    [
      -0.2067772212570995,
      -0.1607949638489202,
      -0.17684721451960972,
      -0.05508078056070222,
      0.11082700407124606,
      -0.062322483054095254,
      0.09853099343827611,
      0.2106552081828565
    ],
    [
      0.05448339374207225,
      -0.02688834230707678,
      0.0822344357684025,
      -0.1467667719207868,
      0.12537448375558985,
      -0.09159669412766251,
      0.14516724726331784,
      0.014823599115646789
    ],
    [
      -0.0556400895989491,
      0.13873638170249133,
      -0.22430329058251117,
      -0.11140680293540645,
      0.25285726721640717,
      -0.006912145224906893,
      -0.03990475391273221,
      0.005170154670621675
    ],
    [
      0.13556074982309071,
      -0.14022833720610495,
      0.003983722648979443,
      0.22190390213727756,
      -0.13217221400299617,
      -0.1440905998622183,
      0.16715449006920435,
      0.1751079380133039
    ],
    [
      0.04028285526388701,
      0.23754741047431396,
      0.09343502659134333,
      0.12887840632911074,
      -0.20702619823325505,
      0.0286882650654961,
      -0.23605551176180944,
      -0.20444969416053937
    ],
    [
      -0.19048581021541114,
      0.01785581594385091,
      0.050061411420300295,
      0.23937809649431369,
      0.19013169470843982,
      0.07216533197276405,
      0.024820126139628574,
      -0.045585358344480145
    ]
  ],
  "woutput": [
    [
      -0.003718362411111476
    ],
    [
      0.13044470271008465
    ],
    [
      0.10694869752634655
    ],
    [
      0.03546647370667026
    ],
    [
      -0.1650164277226152
    ],
    [
      -0.008185606473699846
    ],
    [
      -0.05056406210779325
    ],
    [
      0.092439171080606
    ],
    [
      0.15026273997586614
    ]
  ],
  "ptype": null
}