{
  "input": [
    1.0,
    1.0,
    1.0
  ],
  "hidden": [
    -0.8961685698161792,
    0.9984859586156171,
    -0.9440175624017481,
    1.0
  ],
  "output": [
    -0.0009172592731479468
  ],
  "winput": [
    [
      -0.10032802982789052,
      2.3669067898972935,
      -2.729333674405961
    ],
    [
      -3.091984512117698,
      2.0378852502109703,
      1.768569760419553
    ],
    [
      1.7399016087005343,
      -0.8121107085800683,
      -0.8129730819665363
    ]
  ],
  "woutput": [
    [
      3.111493907159586
    ],
    [
      3.987964414718245
    ],
    [
      3.4214622888568247
    ],
    [
      2.0354998034617737
    ]
  ]
}